lid,employeeid,user,pass
1,1,cbonhome0,tS6M@Qnt
2,2,nauten1,mQ056w_b
3,3,fmays2,mP6+bo
4,4,kbinny3,hC0>~7d!$U
5,5,pwadeling4,zN3M+YDc
6,6,hbilovsky5,lA3R0W4*oR
7,7,mgay6,zJ9)5
8,8,tsnarie7,cP0c)Rep!z
9,9,sandor8,yK5Z4p>
10,10,estacey9,bP7Y~0
11,11,pboura,lX0gs%b!
12,12,lbeddoeb,kL1q6.&
13,13,astocktonc,uT11P
14,14,gofallond,"qS4T,%Y"
15,15,jfennerse,wS75xK\?W
16,16,blenahanf,dI7=}'M
17,17,rhumang,tE2Tv&+Mr
18,18,ltilburnh,yM1j}
19,19,cmccormacki,kR3T5<|)f1
20,20,bglavinj,oL4Lf>
21,21,awindebankk,hT2De.pH
22,22,ncranneyl,oR6jR
23,23,jleversuchm,"uS7""l7)PI4"
24,24,lhoneywoodn,"yF2.bq2qa,"
25,25,vperrygoo,wK1QoN8}
26,26,amatignonp,cO8IZb
27,27,amerveilleq,pA0IO>BP>
28,28,dcroninr,iW11wo>&k
29,29,febbitts,pD5@.
30,30,wcarlint,pM9IXE1p
31,31,srenekeu,kT581NF>
32,32,aportwainev,hL4mS&<14
33,33,rquarlesw,kJ9}M
34,34,sarbuckelx,rD7D)K
35,35,emawbyy,iP4~\Lx<S
36,36,phottonz,fD3g3tkM
37,37,rfranc10,wH5WK
38,38,dwrout11,iX3Iu(
39,39,vhasely12,oX8IuBONf
40,40,mwestphalen13,nK1{P`
41,41,mtudgay14,eR1PIjEu
42,42,mernshaw15,fD7lfhoEMj
43,43,adilks16,lU0oYu4
44,44,cthurner17,aO9Fw}{0!`
45,45,dyurygyn18,qP8b(?
46,46,jtilly19,lY9$nj
47,47,rcordelle1a,yE7H3c}i5|
48,48,thoulridge1b,yQ9<0Bm88
49,49,gjoyner1c,kB266_
50,50,aarnson1d,zI6aXdst8y
51,51,ehorribine1e,mS3xA/P
52,52,idripps1f,dD84.JSXaa
53,53,cvanyakin1g,uM4f3l0Bb
54,54,dkellogg1h,nH2oB
55,55,ikenshole1i,qT7uIPz
56,56,tdevenish1j,yM4i/
57,57,lmatoshin1k,qW1Gws
58,58,akeningley1l,hT65Z3TwB
59,59,myerson1m,aP6'HqmK
60,60,jbeverstock1n,dA0NaTT
61,61,ckhrishtafovich1o,vG7)*{MW|f
62,62,blawman1p,sC7?ge
63,63,ckennermann1q,zS2Ct9
64,64,gdittson1r,mO7ME!A9R
65,65,tcarwithan1s,vR6c*CW
66,66,paylin1t,iG5l/
67,67,miacofo1u,cD1ab!
68,68,wdalla1v,fI8grtnJI
69,69,hdomonkos1w,bI1s(
70,70,nbabington1x,vR9vpgc
71,71,ktrapp1y,iS67L
72,72,cbridewell1z,"lB1X+ZWo,"
73,73,wgage20,yS2pER<
74,74,ckirk21,oJ1mpN28
75,75,jmcgreay22,mH0b+b7
76,76,ovamplus23,kM1YrRixq6
77,77,btrevaskis24,vB8urk
78,78,dlorraine25,rR0XB7
79,79,celsmere26,aW6QL
80,80,pcorwin27,pN0{)#f
81,81,pevason28,kN80p/03j
82,82,ebruford29,zJ6IDV>?
83,83,tdory2a,iQ6rDr8d
84,84,ncrosfield2b,qI2f@TS(\w
85,85,trapin2c,eF59e2k{
86,86,kdoge2d,lG30mN
87,87,jreinbeck2e,kD0VPP.b5$
88,88,vstairmand2f,uH7~pKm{N*
89,89,skilkenny2g,iV1OX
90,90,hbraddock2h,tP93rg
91,91,ghurford2i,wM9MA3&E
92,92,bwilfinger2j,dH4Zf0#0
93,93,vyukhnev2k,iO1qU*iEF
94,94,emackissack2l,dM86Ix8_2q
95,95,mstanbro2m,lN8J$S(
96,96,gheddy2n,tN6c9lICe
97,97,smartschke2o,gA6_d|Z
98,98,dmonan2p,sP6=R%/%M
99,99,lbotterill2q,pC2lzr
100,100,hconcannon2r,yT9dA>*vS
101,101,lcrut2s,gG1~mRq
102,102,hbasley2t,yL0bHh7)
103,103,ahulance2u,aV9iQ}h{
104,104,dwestley2v,cM4qp2REK
105,105,aholdall2w,mF3j+
106,106,mbrasted2x,"mG7V1"""
107,107,moloinn2y,bR3?6jcI
108,108,evaggers2z,rY3q9gPO
109,109,dstanner30,lI5X(>Tu8`
110,110,lthorburn31,jU8YY)kUt7
111,111,bavrahamy32,oS6HnF{RH
112,112,nquarrell33,aV6Js+q
113,113,crospars34,lU2=&S_Y<%
114,114,dgoldney35,lJ86e}N
115,115,srysdale36,lY0r\
116,116,bgoodley37,qK1*Z
117,117,gmccolm38,eE0\@b
118,118,hcapstake39,nD5k0'*t
119,119,rtinklin3a,gL4}Fqug)
120,120,gheselwood3b,tS8nN(
121,121,amundall3c,eO16iPbSv@
122,122,cmordie3d,eP8B(<Nr
123,123,fmccarroll3e,xB8WSM|u
124,124,mborder3f,"nL5kz,_g<"
125,125,dopdenorth3g,uK9>sfD73
126,126,tmacmaster3h,dY2.Oq@v@X
127,127,rfleming3i,lL3QYym
128,128,bvolke3j,cY5t8
129,129,esiddeley3k,"yA0,<Q"""
130,130,iguerrin3l,iL0k$
131,131,eholberry3m,gP95'eJ&\
132,132,hrosier3n,cC3+X
133,133,espeir3o,lC2@z|
134,134,pniccols3p,oO6rDF{YU
135,135,sboutell3q,gK8ak6/zuE
136,136,hbamling3r,kW0L*D<}4X
137,137,fmateus3s,aL7EQrvs
138,138,cjerrom3t,bS0=uE
139,139,dgiannotti3u,vL0+Gut
140,140,gmaccoveney3v,dO0&AT$
141,141,klockart3w,dH5_o
142,142,boakey3x,xZ70$
143,143,cbettison3y,wL6JBD
144,144,mdublin3z,"uI8cz"""
145,145,lhuske40,wU6LG.T
146,146,gmyatt41,"oF5""{}U<"
147,147,bgong42,pP1xI_
148,148,fwield43,xZ2B5jI2
149,149,aysson44,fD0y=0
150,150,teisak45,nH1A5b
151,151,rbaunton46,sO1E>(
152,152,wcalkin47,wA4U5{y
153,153,ndrinkhall48,aD1N0C
154,154,spiggrem49,"tD4""4"
155,155,ckirkebye4a,oF3q%(Xf
156,156,gseviour4b,xY0ji(yJ2
157,157,blinsley4c,gQ6G&
158,158,csharphurst4d,"iN7p%a,"
159,159,jcuming4e,sM5EE$<ZY
160,160,ngraddon4f,fO0wC#
161,161,gduckham4g,yA2JS>
162,162,rollerearnshaw4h,fO1F*0W0W<
163,163,amalenfant4i,lX4cv>m
164,164,ghetterich4j,"gW1a""S%"
165,165,seastcourt4k,vX35\H(X|
166,166,bsimmans4l,"hQ9X`""xpT"
167,167,bhandrick4m,aV263
168,168,cmcsporrin4n,tW1@vg+WVI
169,169,bkordovani4o,nO4OnKJy9
170,170,mlambrick4p,dW8I1p16\E
171,171,krussi4q,mW1SlTP
172,172,sfessler4r,"iC5=%,cEp~"
173,173,bdelhanty4s,vK4qNAVO
174,174,smettericke4t,tX4x2
175,175,spacht4u,sG9FRI>yl6
176,176,bhoggins4v,nP0CJ8
177,177,nwilbud4w,cC6!oSq
178,178,ddimitriev4x,dE9YHz}
179,179,jmcilmurray4y,jK8wFz
180,180,dthulborn4z,gH8x6
181,181,tblethin50,dE1{X7+A'w
182,182,lneno51,mV3*p?t
183,183,mbroadfield52,aA12<|_3A
184,184,abavridge53,nP4&I
185,185,astather54,"eM8""tnv$"
186,186,cseeks55,wR35@=
187,187,bmuress56,"sJ1#+_\G8,"
188,188,prainford57,dQ7*n<'\?
189,189,skmietsch58,"vB2""1vw8}"
190,190,gskelhorn59,"dL3#?Nu"""
191,191,lgilbert5a,xX0`@az+
192,192,sende5b,gU2jH0x9r
193,193,imougeot5c,uD6%X
194,194,ccurston5d,zZ4Wp
195,195,nvowels5e,cG5jvYp
196,196,fgodney5f,cZ8p\CiqK
197,197,mdeeble5g,dB3<G
198,198,gsemarke5h,cX0aSVHJ
199,199,mburley5i,"bL21,)}Z"
200,200,benderwick5j,vY7mY?oq